Carimbo de data/hora,"Aceita participar?",Qual sua idade?  ,Qual o seu curso atual?  ,Qual o seu semestre atual?  ,Qual o seu principal objetivo na TI?  ,"Voc√™ j√° participou de algum projeto, pesquisa ou extens√£o relacionado a jogos digitais?  ",Voc√™ joga jogos digitais atualmente?  ,Voc√™ tem interesse em trabalhar na √°rea de desenvolvimento de jogos?  ,Voc√™ sabia que existem as disciplinas optativas Introdu√ß√£o ao Desenvolvimento de Jogos (QXD0078) e Jogos Eletr√¥nicos (QXD0205) no campus?  ,Voc√™ j√° tentou se matricular em alguma dessas disciplinas?  ,"Caso n√£o tenha conseguido cursar, isso afetou de alguma forma sua motiva√ß√£o em rela√ß√£o ao curso?  ","Na sua opini√£o, deveria haver mais disciplinas obrigat√≥rias ou optativas voltadas para jogos no Campus Quixad√°?  ",Voc√™ considera que a falta de oferta suficiente de disciplinas de jogos contribui para a desmotiva√ß√£o acad√™mica de alguns alunos?  ,O seu interesse por jogos digitais influenciou sua decis√£o de cursar uma gradua√ß√£o em T.I?  ,"Antes de entrar na UFC Quixad√°, voc√™ j√° pensava em trabalhar com jogos digitais?  ",Voc√™ acredita que mais disciplinas de jogos poderiam aumentar o interesse e a motiva√ß√£o dos alunos nos cursos da UFC Quixad√°?  ,"Voc√™ conhece colegas que entraram no curso por causa do interesse em jogos, mas ficaram frustrados/desmotivados pela falta de disciplinas na √°rea?  ","Voc√™ j√° ouviu falar de algum grupo, projeto ou c√©lula de desenvolvimento de jogos digitais dentro da UFC Quixad√°?  ",Voc√™ j√° participou ou participa de algum grupo de desenvolvimento de jogos digitais?  ,"Na sua opini√£o, a exist√™ncia de grupos de desenvolvimento de jogos dentro da universidade poderia aumentar a motiva√ß√£o acad√™mica dos alunos interessados em jogos digitais?  ",Deixe aqui seus coment√°rios ou sugest√µes sobre como o Campus poderia melhorar a oferta de conte√∫dos relacionados a jogos digitais:  
23/09/2025 19:32:45,Declaro que li e compreendi este termo e concordo em participar da pesquisa.,De 18 a 20 anos,Engenharia de Software,4¬∫ Semestre,Desenvolver Jogos Digitais,N√£o,Raramente,"Tenho interesse, mas n√£o √© minha prioridade","Sim, sabia de ambas","Sim, mas n√£o consegui vaga","Sim, me desmotivou bastante","Sim, ambos",Sim,"Sim, foi o principal motivo","Sim, era meu objetivo principal",Sim,"Sim, conhe√ßo v√°rios","J√° ouvi falar, mas n√£o sei detalhes","N√£o, mas tenho interesse em participar",Sim,
24/09/2025 09:46:08,Declaro que li e compreendi este termo e concordo em participar da pesquisa.,De 21 a 23 anos,Ci√™ncia da Computa√ß√£o,12¬∞,Exercer uma profiss√£o relacionada ao meu curso,N√£o,"Sim, frequentemente","Sim, √© meu maior interesse",Sabia de apenas de Introdu√ß√£o ao Desenvolvimento de Jogos,"Sim, consegui cursar",,"Sim, ambos",Sim,"N√£o, n√£o teve influ√™ncia","Tinha interesse, mas tamb√©m em outras √°reas",Talvez,N√£o conhe√ßo casos assim,"Sim, conhe√ßo bem","N√£o, mas tenho interesse em participar",Sim,
24/09/2025 09:46:39,Declaro que li e compreendi este termo e concordo em participar da pesquisa.,Menos de 18 anos,Ci√™ncia da Computa√ß√£o,2¬∫ Semestre,Seguir a √°rea acad√™mica,N√£o,"Sim, frequentemente","Tenho interesse, mas n√£o √© minha prioridade","Sim, sabia de ambas",N√£o tentei,N√£o afetou minha motiva√ß√£o,"Sim, optativas",Sim,"Sim, foi um dos motivos","Tinha interesse, mas tamb√©m em outras √°reas",Sim,N√£o conhe√ßo casos assim,"J√° ouvi falar, mas n√£o sei detalhes","N√£o, mas tenho interesse em participar",Sim,"Colocando mais cadeiras optativas, criando eventos para compartilhar informa√ß√µes sobre."
24/09/2025 09:47:11,Declaro que li e compreendi este termo e concordo em participar da pesquisa.,De 21 a 23 anos,Sistemas da Informa√ß√£o,8¬∫ Semestre,Desenvolver meus pr√≥prios sistemas,N√£o,"Sim, frequentemente","Tenho interesse, mas n√£o √© minha prioridade","Sim, sabia de ambas","Sim, mas n√£o consegui vaga",N√£o afetou minha motiva√ß√£o,"Sim, ambos",Talvez,"N√£o, n√£o teve influ√™ncia","Tinha interesse, mas tamb√©m em outras √°reas",Sim,"Sim, conhe√ßo alguns","J√° ouvi falar, mas n√£o sei detalhes","N√£o, mas tenho interesse em participar",Sim,
24/09/2025 09:47:19,Declaro que li e compreendi este termo e concordo em participar da pesquisa.,De 21 a 23 anos,Sistemas da Informa√ß√£o,4¬∫ Semestre,Exercer uma profiss√£o relacionada ao meu curso,Sim,"Sim, frequentemente","Tenho interesse, mas n√£o √© minha prioridade","Sim, sabia de ambas","Sim, mas n√£o consegui vaga",,"Sim, optativas",Sim,"Sim, foi um dos motivos","Tinha interesse, mas tamb√©m em outras √°reas",Sim,"Sim, conhe√ßo alguns",N√£o conhe√ßo,"N√£o, mas tenho interesse em participar",Sim,
24/09/2025 09:47:40,Declaro que li e compreendi este termo e concordo em participar da pesquisa.,De 21 a 23 anos,Engenharia de Software,9¬∫ Semestre,Exercer uma profiss√£o relacionada ao meu curso,N√£o,"Sim, frequentemente",Pouco interesse,Sabia de apenas de Introdu√ß√£o ao Desenvolvimento de Jogos,"Sim, consegui cursar",,N√£o vejo necessidade,N√£o,"Sim, foi um dos motivos","Tinha interesse, mas tamb√©m em outras √°reas",Talvez,N√£o conhe√ßo casos assim,"J√° ouvi falar, mas n√£o sei detalhes","N√£o, e n√£o tenho interesse",Sim,
24/09/2025 09:48:09,Declaro que li e compreendi este termo e concordo em participar da pesquisa.,De 18 a 20 anos,Ci√™ncia da Computa√ß√£o,6¬∫ Semestre,Desenvolver Jogos Digitais,N√£o,"Sim, frequentemente","Sim, √© meu maior interesse",Sabia de apenas de Introdu√ß√£o ao Desenvolvimento de Jogos,"Sim, mas n√£o consegui vaga","Sim, me desmotivou um pouco","Sim, optativas",Sim,"Sim, foi um dos motivos","Tinha interesse, mas tamb√©m em outras √°reas",Sim,N√£o conhe√ßo casos assim,"J√° ouvi falar, mas n√£o sei detalhes","N√£o, mas tenho interesse em participar",Sim,
24/09/2025 09:49:40,Declaro que li e compreendi este termo e concordo em participar da pesquisa.,De 21 a 23 anos,Sistemas da Informa√ß√£o,4¬∫ Semestre,Exercer uma profiss√£o relacionada ao meu curso,N√£o,"Sim, frequentemente","Tenho interesse, mas n√£o √© minha prioridade",Sabia de apenas de Introdu√ß√£o ao Desenvolvimento de Jogos,N√£o tentei,N√£o afetou minha motiva√ß√£o,"Sim, obrigat√≥rias",Sim,"N√£o, n√£o teve influ√™ncia","Tinha interesse, mas tamb√©m em outras √°reas",Sim,"Sim, conhe√ßo alguns","Sim, conhe√ßo bem",J√° participei no passado,Sim,
24/09/2025 09:50:33,Declaro que li e compreendi este termo e concordo em participar da pesquisa.,De 18 a 20 anos,Sistemas da Informa√ß√£o,4¬∫ Semestre,Exercer uma profiss√£o relacionada ao meu curso,N√£o,"Sim, frequentemente",Pouco interesse,N√£o,N√£o sabia da exist√™ncia delas,N√£o afetou minha motiva√ß√£o,"Sim, optativas",N√£o,"N√£o, n√£o teve influ√™ncia","N√£o, nunca pensei nisso",Talvez,N√£o conhe√ßo casos assim,"J√° ouvi falar, mas n√£o sei detalhes","N√£o, mas tenho interesse em participar",Talvez,
24/09/2025 09:51:40,Declaro que li e compreendi este termo e concordo em participar da pesquisa.,De 21 a 23 anos,Engenharia de Software,5¬∫ Semestre,Exercer uma profiss√£o relacionada ao meu curso,Sim,"Sim, √†s vezes","Tenho interesse, mas n√£o √© minha prioridade","Sim, sabia de ambas","Sim, mas n√£o consegui vaga","Sim, me desmotivou um pouco","Sim, optativas",Sim,"Sim, foi o principal motivo","Sim, era meu objetivo principal",Sim,"Sim, conhe√ßo alguns","Sim, conhe√ßo bem",J√° participei no passado,Sim,
24/09/2025 09:52:17,Declaro que li e compreendi este termo e concordo em participar da pesquisa.,De 18 a 20 anos,Design Digital,6¬∫ Semestre,Exercer uma profiss√£o relacionada ao meu curso,N√£o,Raramente,Pouco interesse,Sabia de apenas de Jogos Eletr√¥nicos,N√£o tentei,,N√£o vejo necessidade,Nunca pensei a respeito,"Sim, foi um dos motivos","Tinha interesse, mas tamb√©m em outras √°reas",Talvez,"Sim, conhe√ßo alguns","Sim, conhe√ßo bem",J√° participei no passado,Sim,"Antigamente eu participava de uma c√©lula de cria√ß√£o de jogos, gostava mt do pessoal mas n√£o me sentia engajada tanto por nunca ter progamado naquela linguagem (Godot) tanto por me sentir atrasada e desmotivada em torno dos colegas e na c√©lula em geral... acredito que tanto os alunos de design quando o restante do curso podem se juntar e formar uma c√©lula que tenha uma boa divulga√ß√£o de certa forma e internamente uma melhor orienta√ß√£o tanto quanto o incetivo aos alunos na c√©lula a continuar na mesma üò∏üò∏üò∏ ia ser bem legal!"
24/09/2025 09:53:24,Declaro que li e compreendi este termo e concordo em participar da pesquisa.,De 18 a 20 anos,Sistemas da Informa√ß√£o,2¬∫ Semestre,Exercer uma profiss√£o relacionada ao meu curso,N√£o,"Sim, frequentemente","Tenho interesse, mas n√£o √© minha prioridade",N√£o,N√£o tentei,,"Sim, optativas",Nunca pensei a respeito,"Sim, foi um dos motivos","Tinha interesse, mas tamb√©m em outras √°reas",Talvez,N√£o conhe√ßo casos assim,"J√° ouvi falar, mas n√£o sei detalhes","N√£o, mas tenho interesse em participar",Sim,
24/09/2025 09:54:09,Declaro que li e compreendi este termo e concordo em participar da pesquisa.,De 18 a 20 anos,Engenharia de Software,4¬∫ Semestre,Exercer uma profiss√£o relacionada ao meu curso,Sim,"Sim, frequentemente","Tenho interesse, mas n√£o √© minha prioridade",Sabia de apenas de Introdu√ß√£o ao Desenvolvimento de Jogos,N√£o tentei,,"Sim, optativas",Sim,"Sim, foi o principal motivo","Sim, era meu objetivo principal",Sim,"Sim, conhe√ßo alguns","Sim, conhe√ßo bem",J√° participei no passado,Sim,
24/09/2025 09:54:58,Declaro que li e compreendi este termo e concordo em participar da pesquisa.,De 18 a 20 anos,Sistemas da Informa√ß√£o,4¬∫ Semestre,Exercer uma profiss√£o relacionada ao meu curso,Sim,"Sim, frequentemente","Tenho interesse, mas n√£o √© minha prioridade",Sabia de apenas de Introdu√ß√£o ao Desenvolvimento de Jogos,N√£o tentei,N√£o afetou minha motiva√ß√£o,"Sim, optativas",Talvez,"N√£o, n√£o teve influ√™ncia","N√£o, nunca pensei nisso",Sim,"Sim, conhe√ßo alguns","Sim, conhe√ßo bem","N√£o, mas tenho interesse em participar",Sim,"Aumentando o numero de turmas, ou novas ofertas de cadeiras. Pois, todo semestre as cadeiras relacionados a desenvolvimento de jogos digitais, o numero de inscrito excede o numero de vagas"
24/09/2025 09:55:47,Declaro que li e compreendi este termo e concordo em participar da pesquisa.,De 18 a 20 anos,Engenharia de Software,2¬∫ Semestre,Desenvolver Jogos Digitais,Sim,"Sim, frequentemente","Sim, √© meu maior interesse",Sabia de apenas de Introdu√ß√£o ao Desenvolvimento de Jogos,N√£o tentei,,"Sim, optativas",Talvez,"Sim, foi um dos motivos","Sim, era meu objetivo principal",Sim,N√£o conhe√ßo casos assim,"Sim, conhe√ßo bem",J√° participei no passado,Sim,Destrinchar a √°rea de desenvolvimento para que quem tenha interesse na parte art√≠stica n√£o tenha que programar e virse versa
24/09/2025 09:57:13,Declaro que li e compreendi este termo e concordo em participar da pesquisa.,De 18 a 20 anos,Engenharia de Software,4¬∫ Semestre,Exercer uma profiss√£o relacionada ao meu curso,N√£o,Raramente,"Tenho interesse, mas n√£o √© minha prioridade",Sabia de apenas de Introdu√ß√£o ao Desenvolvimento de Jogos,"Sim, mas n√£o consegui vaga","Sim, me desmotivou um pouco","Sim, obrigat√≥rias",Sim,"Sim, foi um dos motivos","Tinha interesse, mas tamb√©m em outras √°reas",Sim,"Sim, conhe√ßo alguns",N√£o conhe√ßo,"Sim, atualmente participo",Sim,.
24/09/2025 09:59:13,Declaro que li e compreendi este termo e concordo em participar da pesquisa.,De 18 a 20 anos,Engenharia de Software,2¬∫ Semestre,Exercer uma profiss√£o relacionada ao meu curso,Sim,"Sim, frequentemente",Pouco interesse,N√£o,N√£o sabia da exist√™ncia delas,,"Sim, optativas",Sim,"Sim, foi um dos motivos","Tinha interesse, mas tamb√©m em outras √°reas",Sim,"Sim, conhe√ßo alguns","J√° ouvi falar, mas n√£o sei detalhes",J√° participei no passado,Sim,
24/09/2025 10:02:59,Declaro que li e compreendi este termo e concordo em participar da pesquisa.,De 18 a 20 anos,Engenharia de Software,4¬∫ Semestre,Exercer uma profiss√£o relacionada ao meu curso,N√£o,"Sim, frequentemente","Tenho interesse, mas n√£o √© minha prioridade",Sabia de apenas de Introdu√ß√£o ao Desenvolvimento de Jogos,N√£o tentei,,"Sim, ambos",Sim,"Sim, foi um dos motivos","Sim, era meu objetivo principal",Sim,"Sim, conhe√ßo alguns","Sim, conhe√ßo bem","N√£o, mas tenho interesse em participar",Sim,
24/09/2025 10:03:46,Declaro que li e compreendi este termo e concordo em participar da pesquisa.,De 21 a 23 anos,Engenharia de Software,3¬∫ Semestre,Estou descobrindo ,N√£o,"Sim, frequentemente",Pouco interesse,"Sim, sabia de ambas","Sim, mas n√£o consegui vaga",N√£o afetou minha motiva√ß√£o,"Sim, optativas",N√£o,"N√£o, n√£o teve influ√™ncia","Tinha interesse, mas tamb√©m em outras √°reas",Sim,N√£o conhe√ßo casos assim,"J√° ouvi falar, mas n√£o sei detalhes","N√£o, mas tenho interesse em participar",Sim,
24/09/2025 10:10:56,Declaro que li e compreendi este termo e concordo em participar da pesquisa.,De 18 a 20 anos,Redes de Computadores,4¬∫ Semestre,Desenvolver meus pr√≥prios sistemas,N√£o,Raramente,"Tenho interesse, mas n√£o √© minha prioridade",Sabia de apenas de Introdu√ß√£o ao Desenvolvimento de Jogos,N√£o tentei,N√£o afetou minha motiva√ß√£o,"Sim, optativas",Talvez,"Sim, foi um dos motivos","Tinha interesse, mas tamb√©m em outras √°reas",Talvez,N√£o conhe√ßo casos assim,"J√° ouvi falar, mas n√£o sei detalhes","N√£o, mas tenho interesse em participar",Talvez,
24/09/2025 10:14:12,Declaro que li e compreendi este termo e concordo em participar da pesquisa.,De 26 a 30 anos,Design Digital,6¬∫ Semestre,Seguir a √°rea acad√™mica,N√£o,N√£o jogo,Nenhum interesse,Sabia de apenas de Introdu√ß√£o ao Desenvolvimento de Jogos,N√£o tentei,N√£o afetou minha motiva√ß√£o,"Sim, optativas",Nunca pensei a respeito,"N√£o, n√£o teve influ√™ncia","Tinha interesse, mas tamb√©m em outras √°reas",Talvez,N√£o conhe√ßo casos assim,"J√° ouvi falar, mas n√£o sei detalhes","N√£o, e n√£o tenho interesse",Sim,
24/09/2025 10:16:53,Declaro que li e compreendi este termo e concordo em participar da pesquisa.,De 18 a 20 anos,Engenharia de Software,2¬∫ Semestre,Exercer uma profiss√£o relacionada ao meu curso,N√£o,"Sim, √†s vezes",Pouco interesse,Sabia de apenas de Introdu√ß√£o ao Desenvolvimento de Jogos,N√£o tentei,,"Sim, optativas",Talvez,"Sim, foi um dos motivos","N√£o, nunca pensei nisso",Talvez,N√£o conhe√ßo casos assim,"J√° ouvi falar, mas n√£o sei detalhes","N√£o, e n√£o tenho interesse",Talvez,"Acredito que a quest√£o seja mais estrutural em rela√ß√£o a demanda por desenvolvedores de jogos no mercado brasileiro atual. O que implica na desmotiva√ß√£o, mas tamb√©m na necessidade de uma maior forma√ß√£o para buscar vagas em outros mercados. Ou at√© mesmo no interesse em empreender sobre essa √°rea afim de melhorar e fomentar a ind√∫stria de games no Brasil.
"
24/09/2025 10:19:40,Declaro que li e compreendi este termo e concordo em participar da pesquisa.,De 18 a 20 anos,Sistemas da Informa√ß√£o,2¬∫ Semestre,Exercer uma profiss√£o relacionada ao meu curso,N√£o,"Sim, √†s vezes","Tenho interesse, mas n√£o √© minha prioridade",N√£o,N√£o sabia da exist√™ncia delas,N√£o afetou minha motiva√ß√£o,"Sim, optativas",Sim,"Sim, foi um dos motivos","Tinha interesse, mas tamb√©m em outras √°reas",Sim,N√£o conhe√ßo casos assim,"J√° ouvi falar, mas n√£o sei detalhes","N√£o, e n√£o tenho interesse",Sim,
24/09/2025 10:30:47,Declaro que li e compreendi este termo e concordo em participar da pesquisa.,De 18 a 20 anos,Sistemas da Informa√ß√£o,6¬∫ Semestre,Exercer uma profiss√£o relacionada ao meu curso,N√£o,"Sim, frequentemente","Tenho interesse, mas n√£o √© minha prioridade","Sim, sabia de ambas",N√£o tentei,N√£o afetou minha motiva√ß√£o,"Sim, optativas",Talvez,"Sim, foi um dos motivos","Tinha interesse, mas tamb√©m em outras √°reas",Sim,N√£o conhe√ßo casos assim,N√£o conhe√ßo,J√° participei no passado,Sim,
24/09/2025 10:56:50,Declaro que li e compreendi este termo e concordo em participar da pesquisa.,De 18 a 20 anos,Design Digital,2¬∫ Semestre,Exercer uma profiss√£o relacionada ao meu curso,N√£o,"Sim, frequentemente","Tenho interesse, mas n√£o √© minha prioridade","Sim, sabia de ambas",N√£o tentei,N√£o afetou minha motiva√ß√£o,"Sim, optativas",Talvez,"Sim, foi um dos motivos","Tinha interesse, mas tamb√©m em outras √°reas",Sim,N√£o conhe√ßo casos assim,"J√° ouvi falar, mas n√£o sei detalhes","N√£o, mas tenho interesse em participar",Sim,
24/09/2025 13:13:15,Declaro que li e compreendi este termo e concordo em participar da pesquisa.,De 18 a 20 anos,Engenharia de Software,N√£o sei em que semestre estou,Exercer uma profiss√£o relacionada ao meu curso,Sim,"Sim, frequentemente","Tenho interesse, mas n√£o √© minha prioridade","Sim, sabia de ambas",N√£o tentei,"Sim, me desmotivou um pouco","Sim, optativas",Sim,"Sim, foi um dos motivos","Tinha interesse, mas tamb√©m em outras √°reas",Sim,"Sim, conhe√ßo alguns","Sim, conhe√ßo bem",J√° participei no passado,Sim,
24/09/2025 13:28:36,Declaro que li e compreendi este termo e concordo em participar da pesquisa.,De 18 a 20 anos,Engenharia de Software,4¬∫ Semestre,Exercer uma profiss√£o relacionada ao meu curso,N√£o,"Sim, frequentemente","Tenho interesse, mas n√£o √© minha prioridade",Sabia de apenas de Introdu√ß√£o ao Desenvolvimento de Jogos,N√£o tentei,N√£o afetou minha motiva√ß√£o,"Sim, ambos",Nunca pensei a respeito,"Sim, foi um dos motivos","Tinha interesse, mas tamb√©m em outras √°reas",Sim,"Sim, conhe√ßo alguns",N√£o conhe√ßo,"N√£o, mas tenho interesse em participar",Sim,"Acredito que √© uma √°rea da tecnologia pouco explorada em universidades, o mercado de trabalho tamb√©m exige muitos anos de experi√™ncia, projetos e participa√ß√µes em outras empresas, isso acaba deixando o funil de vagas mais estreito. Caso houvesse uma disciplina/ bolsas ou at√© parceria com empresas de jogos Indie (mais acess√≠vel pois precisam de desenvolvedores) os alunos teriam um portif√≥lio legal para aplicar em vagas."
24/09/2025 13:32:05,Declaro que li e compreendi este termo e concordo em participar da pesquisa.,De 18 a 20 anos,Engenharia de Software,4¬∫ Semestre,Exercer uma profiss√£o relacionada ao meu curso,N√£o,"Sim, frequentemente","Tenho interesse, mas n√£o √© minha prioridade",Sabia de apenas de Introdu√ß√£o ao Desenvolvimento de Jogos,N√£o tentei,N√£o afetou minha motiva√ß√£o,"Sim, optativas",Nunca pensei a respeito,"Sim, foi um dos motivos","Tinha interesse, mas tamb√©m em outras √°reas",Talvez,N√£o conhe√ßo casos assim,"J√° ouvi falar, mas n√£o sei detalhes","N√£o, mas tenho interesse em participar",Sim,
24/09/2025 14:34:02,Declaro que li e compreendi este termo e concordo em participar da pesquisa.,De 18 a 20 anos,Redes de Computadores,2¬∫ Semestre,Seguir a √°rea acad√™mica,N√£o,"Sim, frequentemente","Tenho interesse, mas n√£o √© minha prioridade",N√£o,N√£o tentei,"Sim, me desmotivou um pouco","Sim, obrigat√≥rias",Sim,"Sim, foi um dos motivos","Tinha interesse, mas tamb√©m em outras √°reas",Sim,"Sim, conhe√ßo v√°rios",N√£o conhe√ßo,"N√£o, mas tenho interesse em participar",Sim,
24/09/2025 14:34:17,Declaro que li e compreendi este termo e concordo em participar da pesquisa.,De 18 a 20 anos,Engenharia de Software,4¬∫ Semestre,Exercer uma profiss√£o relacionada ao meu curso,N√£o,"Sim, √†s vezes",Pouco interesse,"Sim, sabia de ambas",N√£o tentei,N√£o afetou minha motiva√ß√£o,"Sim, obrigat√≥rias",Sim,"Sim, foi um dos motivos","N√£o, nunca pensei nisso",Sim,N√£o conhe√ßo casos assim,"Sim, conhe√ßo bem","N√£o, mas tenho interesse em participar",Sim,Mais vagas nas disciplinas de Jogos ou mais turmas.
24/09/2025 21:50:21,Declaro que li e compreendi este termo e concordo em participar da pesquisa.,De 18 a 20 anos,Engenharia de Software,2¬∫ Semestre,Exercer uma profiss√£o relacionada ao meu curso,N√£o,"Sim, frequentemente","Tenho interesse, mas n√£o √© minha prioridade",N√£o,N√£o tentei,N√£o afetou minha motiva√ß√£o,"Sim, optativas",Sim,"Sim, foi um dos motivos","Tinha interesse, mas tamb√©m em outras √°reas",Sim,"Sim, conhe√ßo alguns","J√° ouvi falar, mas n√£o sei detalhes","N√£o, mas tenho interesse em participar",Sim,
25/09/2025 09:58:39,Declaro que li e compreendi este termo e concordo em participar da pesquisa.,De 18 a 20 anos,Engenharia de Software,4¬∫ Semestre,Desenvolver meus pr√≥prios sistemas,N√£o,"Sim, frequentemente",Pouco interesse,Sabia de apenas de Introdu√ß√£o ao Desenvolvimento de Jogos,N√£o tentei,N√£o afetou minha motiva√ß√£o,"Sim, optativas",Talvez,"N√£o, n√£o teve influ√™ncia","N√£o, nunca pensei nisso",Talvez,N√£o conhe√ßo casos assim,"Sim, conhe√ßo bem","N√£o, e n√£o tenho interesse",Talvez,Ofertar cadeiras de jogos.
25/09/2025 12:33:29,Declaro que li e compreendi este termo e concordo em participar da pesquisa.,De 18 a 20 anos,Redes de Computadores,2¬∫ Semestre,Desenvolver Jogos Digitais,N√£o,"Sim, frequentemente","Sim, √© meu maior interesse","Sim, sabia de ambas",N√£o tentei,N√£o afetou minha motiva√ß√£o,"Sim, obrigat√≥rias",Sim,"Sim, foi um dos motivos","Sim, era meu objetivo principal",Sim,"Sim, conhe√ßo alguns","Sim, conhe√ßo bem","N√£o, mas tenho interesse em participar",Sim,.
25/09/2025 12:35:32,Declaro que li e compreendi este termo e concordo em participar da pesquisa.,De 18 a 20 anos,Sistemas da Informa√ß√£o,4¬∫ Semestre,Exercer uma profiss√£o relacionada ao meu curso,N√£o,"Sim, frequentemente",Pouco interesse,"Sim, sabia de ambas",N√£o tentei,,"Sim, optativas",Talvez,"N√£o, n√£o teve influ√™ncia","Tinha interesse, mas tamb√©m em outras √°reas",Talvez,N√£o conhe√ßo casos assim,"J√° ouvi falar, mas n√£o sei detalhes","N√£o, e n√£o tenho interesse",Talvez,
25/09/2025 12:38:39,Declaro que li e compreendi este termo e concordo em participar da pesquisa.,De 18 a 20 anos,Engenharia de Software,2¬∫ Semestre,Desenvolver Jogos Digitais,Sim,"Sim, frequentemente","Sim, √© meu maior interesse",Sabia de apenas de Introdu√ß√£o ao Desenvolvimento de Jogos,N√£o tentei,,"Sim, optativas",Sim,"Sim, foi um dos motivos","Sim, era meu objetivo principal",Sim,"Sim, conhe√ßo alguns","Sim, conhe√ßo bem",J√° participei no passado,Sim,"""Destrinchar"" os aspectos (artisticos, t√©cnicos e de mercado) em cadeiras"
25/09/2025 12:45:16,Declaro que li e compreendi este termo e concordo em participar da pesquisa.,De 18 a 20 anos,Engenharia de Software,2¬∫ Semestre,Exercer uma profiss√£o relacionada ao meu curso,N√£o,"Sim, frequentemente",Pouco interesse,N√£o,N√£o sabia da exist√™ncia delas,,"Sim, optativas",Nunca pensei a respeito,"N√£o, n√£o teve influ√™ncia","N√£o, nunca pensei nisso",Talvez,N√£o conhe√ßo casos assim,"J√° ouvi falar, mas n√£o sei detalhes","N√£o, e n√£o tenho interesse",Sim,
25/09/2025 13:17:21,Declaro que li e compreendi este termo e concordo em participar da pesquisa.,De 18 a 20 anos,Sistemas da Informa√ß√£o,2¬∫ Semestre,Desenvolver meus pr√≥prios sistemas,N√£o,Raramente,Pouco interesse,N√£o,N√£o sabia da exist√™ncia delas,N√£o afetou minha motiva√ß√£o,"Sim, optativas",Talvez,"N√£o, n√£o teve influ√™ncia","N√£o, nunca pensei nisso",Talvez,N√£o conhe√ßo casos assim,N√£o conhe√ßo,"N√£o, mas tenho interesse em participar",Sim,
25/09/2025 18:19:28,Declaro que li e compreendi este termo e concordo em participar da pesquisa.,De 18 a 20 anos,Engenharia da Computa√ß√£o,2¬∫ Semestre,Desenvolver Jogos Digitais,Sim,"Sim, frequentemente","Sim, √© meu maior interesse",N√£o,N√£o sabia da exist√™ncia delas,,"Sim, ambos",Nunca pensei a respeito,"Sim, foi o principal motivo","Sim, era meu objetivo principal",Sim,"Sim, conhe√ßo alguns","J√° ouvi falar, mas n√£o sei detalhes","N√£o, mas tenho interesse em participar",Sim,
26/09/2025 11:11:08,Declaro que li e compreendi este termo e concordo em participar da pesquisa.,De 18 a 20 anos,Engenharia de Software,2¬∫ Semestre,Desenvolver Jogos Digitais,N√£o,"Sim, frequentemente","Sim, √© meu maior interesse",Sabia de apenas de Introdu√ß√£o ao Desenvolvimento de Jogos,N√£o tentei,,"Sim, optativas",Sim,"Sim, foi um dos motivos","Sim, era meu objetivo principal",Sim,"Sim, conhe√ßo alguns","Sim, conhe√ßo bem",J√° participei no passado,Sim,"Poderiam dividir a √°rea de game design em aspectos t√©cnicos, art√≠sticos e log√≠sticos, e oferecer cada uma dessas √°reas como optativas"
26/09/2025 11:13:44,Declaro que li e compreendi este termo e concordo em participar da pesquisa.,De 18 a 20 anos,Sistemas da Informa√ß√£o,4¬∫ Semestre,Seguir a √°rea acad√™mica,N√£o,N√£o jogo,Pouco interesse,Sabia de apenas de Introdu√ß√£o ao Desenvolvimento de Jogos,N√£o tentei,N√£o afetou minha motiva√ß√£o,"Sim, optativas",Nunca pensei a respeito,"N√£o, n√£o teve influ√™ncia","N√£o, nunca pensei nisso",N√£o,N√£o conhe√ßo casos assim,"J√° ouvi falar, mas n√£o sei detalhes","N√£o, e n√£o tenho interesse",Talvez,.
26/09/2025 12:03:24,Declaro que li e compreendi este termo e concordo em participar da pesquisa.,De 26 a 30 anos,Sistemas da Informa√ß√£o,Formado,Exercer uma profiss√£o relacionada ao meu curso,Sim,"Sim, √†s vezes",Pouco interesse,N√£o,N√£o sabia da exist√™ncia delas,N√£o afetou minha motiva√ß√£o,"Sim, obrigat√≥rias",Talvez,"N√£o, n√£o teve influ√™ncia","N√£o, nunca pensei nisso",Sim,"Sim, conhe√ßo alguns","J√° ouvi falar, mas n√£o sei detalhes",J√° participei no passado,Sim,
26/09/2025 12:54:12,Declaro que li e compreendi este termo e concordo em participar da pesquisa.,De 18 a 20 anos,Engenharia da Computa√ß√£o,2¬∫ Semestre,Exercer uma profiss√£o relacionada ao meu curso,N√£o,Raramente,"Tenho interesse, mas n√£o √© minha prioridade",Sabia de apenas de Introdu√ß√£o ao Desenvolvimento de Jogos,N√£o tentei,,"Sim, ambos",Sim,"Sim, foi um dos motivos","Tinha interesse, mas tamb√©m em outras √°reas",Sim,N√£o conhe√ßo casos assim,"J√° ouvi falar, mas n√£o sei detalhes","N√£o, mas tenho interesse em participar",Talvez,
26/09/2025 15:07:20,Declaro que li e compreendi este termo e concordo em participar da pesquisa.,De 18 a 20 anos,Engenharia de Software,6¬∫ Semestre,Exercer uma profiss√£o relacionada ao meu curso,Sim,"Sim, frequentemente",Pouco interesse,"Sim, sabia de ambas","Sim, consegui cursar",,"Sim, optativas",Sim,"N√£o, n√£o teve influ√™ncia","N√£o, nunca pensei nisso",Talvez,N√£o conhe√ßo casos assim,N√£o conhe√ßo,"N√£o, e n√£o tenho interesse",Sim,
26/09/2025 16:54:46,Declaro que li e compreendi este termo e concordo em participar da pesquisa.,De 21 a 23 anos,Ci√™ncia da Computa√ß√£o,8¬∫ Semestre,Exercer uma profiss√£o relacionada ao meu curso,N√£o,"Sim, frequentemente",Pouco interesse,Sabia de apenas de Introdu√ß√£o ao Desenvolvimento de Jogos,"Sim, mas n√£o consegui vaga",N√£o afetou minha motiva√ß√£o,"Sim, ambos",Sim,"Sim, foi um dos motivos","Tinha interesse, mas tamb√©m em outras √°reas",Sim,N√£o conhe√ßo casos assim,N√£o conhe√ßo,"N√£o, mas tenho interesse em participar",Sim,
28/09/2025 21:50:08,Declaro que li e compreendi este termo e concordo em participar da pesquisa.,De 21 a 23 anos,Engenharia de Software,10¬∫ Semestre,Exercer uma profiss√£o relacionada ao meu curso,Sim,"Sim, √†s vezes","Tenho interesse, mas n√£o √© minha prioridade","Sim, sabia de ambas","Sim, consegui cursar",,"Sim, optativas",Talvez,"N√£o, n√£o teve influ√™ncia","Tinha interesse, mas tamb√©m em outras √°reas",Sim,N√£o conhe√ßo casos assim,"Sim, conhe√ßo bem","Sim, atualmente participo",Sim,
29/09/2025 12:27:26,Declaro que li e compreendi este termo e concordo em participar da pesquisa.,De 18 a 20 anos,Engenharia de Software,4¬∫ Semestre,Seguir a √°rea acad√™mica,N√£o,"Sim, √†s vezes",Pouco interesse,Sabia de apenas de Introdu√ß√£o ao Desenvolvimento de Jogos,N√£o tentei,N√£o afetou minha motiva√ß√£o,"Sim, obrigat√≥rias",Talvez,"Sim, foi o principal motivo","Tinha interesse, mas tamb√©m em outras √°reas",Talvez,"Sim, conhe√ßo v√°rios","Sim, conhe√ßo bem","N√£o, e n√£o tenho interesse",Sim,"Acho que um dos pontos que n√£o me faz participar mais de eventos ou grupos de jogos √© devido ao conflito com os hor√°rios do meu curso, pois normalmente √© a tarde e n√£o tem durante a manh√£, outro ponto √© que devido ao mercado de trabalho, como optativas decidi escolher as que s√£o voltadas a matem√°tica do que as que realmente gostaria de pegar e que eu gostaria de aprender."
29/09/2025 14:45:19,Declaro que li e compreendi este termo e concordo em participar da pesquisa.,De 18 a 20 anos,Ci√™ncia da Computa√ß√£o,2¬∫ Semestre,Desenvolver meus pr√≥prios sistemas,N√£o,"Sim, frequentemente","Tenho interesse, mas n√£o √© minha prioridade","Sim, sabia de ambas",N√£o tentei,,"Sim, optativas",Sim,"Sim, foi um dos motivos","Tinha interesse, mas tamb√©m em outras √°reas",Sim,"Sim, conhe√ßo alguns",N√£o conhe√ßo,"N√£o, mas tenho interesse em participar",Sim,
29/09/2025 15:30:58,Declaro que li e compreendi este termo e concordo em participar da pesquisa.,De 24 a 25 anos,Engenharia de Software,4¬∫ Semestre,Exercer uma profiss√£o relacionada ao meu curso,Sim,"Sim, √†s vezes",Pouco interesse,"Sim, sabia de ambas","Sim, mas n√£o consegui vaga","Sim, me desmotivou um pouco","Sim, optativas",Sim,"Sim, foi um dos motivos","Tinha interesse, mas tamb√©m em outras √°reas",Sim,N√£o conhe√ßo casos assim,"J√° ouvi falar, mas n√£o sei detalhes",J√° participei no passado,Talvez,
29/09/2025 23:37:29,Declaro que li e compreendi este termo e concordo em participar da pesquisa.,De 18 a 20 anos,Engenharia de Software,4¬∫ Semestre,Exercer uma profiss√£o relacionada ao meu curso,N√£o,"Sim, frequentemente",Pouco interesse,Sabia de apenas de Introdu√ß√£o ao Desenvolvimento de Jogos,N√£o tentei,N√£o afetou minha motiva√ß√£o,"Sim, optativas",Talvez,"Sim, foi um dos motivos","Tinha interesse, mas tamb√©m em outras √°reas",Sim,"Sim, conhe√ßo v√°rios","Sim, conhe√ßo bem",J√° participei no passado,Sim,
30/09/2025 16:06:19,Declaro que li e compreendi este termo e concordo em participar da pesquisa.,De 18 a 20 anos,Design Digital,2¬∫ Semestre,Exercer uma profiss√£o relacionada ao meu curso,N√£o,"Sim, frequentemente",Pouco interesse,N√£o,N√£o sabia da exist√™ncia delas,N√£o afetou minha motiva√ß√£o,"Sim, optativas",Sim,"N√£o, n√£o teve influ√™ncia","N√£o, nunca pensei nisso",Sim,"Sim, conhe√ßo alguns",N√£o conhe√ßo,"N√£o, e n√£o tenho interesse",Sim,
02/10/2025 13:18:52,Declaro que li e compreendi este termo e concordo em participar da pesquisa.,De 18 a 20 anos,Ci√™ncia da Computa√ß√£o,4¬∫ Semestre,Seguir a √°rea acad√™mica,N√£o,"Sim, √†s vezes","Tenho interesse, mas n√£o √© minha prioridade",Sabia de apenas de Introdu√ß√£o ao Desenvolvimento de Jogos,N√£o tentei,"Sim, me desmotivou um pouco","Sim, obrigat√≥rias",Sim,"Sim, foi um dos motivos","N√£o, nunca pensei nisso",Sim,N√£o conhe√ßo casos assim,"J√° ouvi falar, mas n√£o sei detalhes","N√£o, mas tenho interesse em participar",Sim,
02/10/2025 14:16:07,Declaro que li e compreendi este termo e concordo em participar da pesquisa.,De 21 a 23 anos,Engenharia de Software,10¬∫ Semestre,"Atualmente pretendo seguir tanto na are√° acad√™mica, quanto exercer uma profiss√£o no mercado. ",N√£o,"Sim, frequentemente","Tenho interesse, mas n√£o √© minha prioridade","Sim, sabia de ambas","Sim, mas n√£o consegui vaga","Sim, me desmotivou um pouco","Sim, optativas",Sim,"N√£o, n√£o teve influ√™ncia","Tinha interesse, mas tamb√©m em outras √°reas",Sim,"Sim, conhe√ßo alguns","J√° ouvi falar, mas n√£o sei detalhes","N√£o, mas tenho interesse em participar",Sim,"Como n√£o temos muitas iniciativas relacionas ao tema, nunca nem pensei necess√°riamente em participar de grupos de desenvolvimentos de jogos, mas com certeza se houvesse a oportunidade, muitas pessoas estariam interessadas. "
03/10/2025 14:35:59,Declaro que li e compreendi este termo e concordo em participar da pesquisa.,De 18 a 20 anos,Ci√™ncia da Computa√ß√£o,2¬∫ Semestre,Exercer uma profiss√£o relacionada ao meu curso,N√£o,"Sim, √†s vezes","Tenho interesse, mas n√£o √© minha prioridade",N√£o,N√£o sabia da exist√™ncia delas,N√£o afetou minha motiva√ß√£o,"Sim, optativas",Sim,"N√£o, n√£o teve influ√™ncia","Tinha interesse, mas tamb√©m em outras √°reas",Sim,"Sim, conhe√ßo alguns","J√° ouvi falar, mas n√£o sei detalhes","N√£o, mas tenho interesse em participar",Sim,